{"cameraMode":{"drawMode":31,"name":"Sprite Mask","section":"Miscellaneous"},"sceneLighting":false,"audioPlay":false,"sceneViewState":{"showFog":true,"showMaterialUpdate":true,"showSkybox":true,"showFlares":true,"showImageEffects":true,"showParticleSystems":true},"in2DMode":false,"pivot":{"x":-0.30060672760009768,"y":-2.83762788772583,"z":1.519693374633789},"rotation":{"x":-0.05269087851047516,"y":0.9382928013801575,"z":-0.16523028910160066,"w":-0.29921552538871767},"size":19.40528678894043,"orthographic":false}